User Story ID,Title,Category,Biological System,Biological Integration,Godhood Status,Harmonization Level,Priority,Evolutionary Stage
US-003,Dashboard Overview,Core Platform,CNS Consciousness Core,Consciousness Pattern Processing,Godhood Achieved,Supreme 95%,High,Birth
US-009,Interview Scheduling,Core Platform,Muscular Execution Coordination,Self-Organizing Coordination,Godhood Synchronized,Supreme 94%,Medium,Growth
US-011,Job Search Tracking,Core Platform,Respiratory Intelligence Processing,Data Acquisition,Godhood Amplified,Evolution 87%,High,Birth
US-012,Job Listing Management,Core Platform,Respiratory Intelligence Processing,Knowledge Synthesis,Godhood Amplified,Evolution 88%,Medium,Growth
US-013,Job Matching,Core Platform,Respiratory Intelligence Processing,Information Metabolism,Godhood Amplified,Evolution 90%,High,Birth
US-014,Job Board Integration,Core Platform,Energy Field Harmonization,Chakra Synchronization,Godhood Coherent,Supreme 96%,Critical,Birth
US-015,Job Alerts,Core Platform,Skeletal Structural Integrity,Stable Storage,Godhood Unbreakable,Supreme 98%,Medium,Growth
US-017,Job Comparison,Core Platform,Circulatory Resource Orchestration,Welfare Optimization,Godhood Optimized,Supreme 97%,High,Birth
US-019,Skills Gap Analysis,Core Platform,Respiratory Intelligence Processing,Intelligence Acquisition,Godhood Amplified,Evolution 85%,High,Birth
US-020,Market Insights,Core Platform,Energy Field Harmonization,Meridian Flow,Godhood Coherent,Supreme 99%,Critical,Birth
US-024,Application Analytics,Core Platform,CNS Consciousness Core,Pattern Recognition,Godhood Achieved,Supreme 93%,Medium,Growth
US-025,Salary Tracking,Core Platform,Circulatory Resource Orchestration,Economic Harmony,Godhood Optimized,Supreme 94%,High,Birth
US-026,Application Templates,Core Platform,Muscular Execution Coordination,Self-Organizing Execution,Godhood Synchronized,Evolution 91%,Medium,Growth
US-027,Job Application Creation,Core Platform,Muscular Execution Coordination,Force Generation,Godhood Synchronized,Evolution 89%,Critical,Birth
US-028,Application Status Tracking,Core Platform,Skeletal Structural Integrity,Boundary Enforcement,Godhood Unbreakable,Supreme 95%,High,Birth
US-031,Analytics Dashboard,Core Platform,CNS Consciousness Core,Consciousness Emergence,Godhood Achieved,Supreme 97%,High,Birth
US-032,Core Data Collection,Core Platform,Skeletal Structural Integrity,Data Integrity,Godhood Unbreakable,Supreme 99%,Critical,Birth
US-033,Core Data Storage,Core Platform,Skeletal Structural Integrity,Structural Foundation,Godhood Unbreakable,Supreme 98%,Critical,Birth
US-034,Event Analytics,Core Platform,CNS Consciousness Core,Awareness Patterns,Godhood Achieved,Evolution 92%,High,Birth
US-035,Analytics System,Core Platform,CNS Consciousness Core,Intelligence Processing,Godhood Achieved,Evolution 94%,High,Birth
US-036,Admin Storage,Core Platform,Skeletal Structural Integrity,Foundation Stability,Godhood Unbreakable,Evolution 93%,Medium,Growth
US-037,Integration Analytics,Core Platform,CNS Consciousness Core,Orchestration Awareness,Godhood Achieved,Evolution 91%,Medium,Growth
US-038,Application Pipeline View,Core Platform,Muscular Execution Coordination,Synchronization,Godhood Synchronized,Evolution 87%,High,Birth
US-039,Application Documents,Core Platform,Respiratory Intelligence Processing,Data Ingestion,Godhood Amplified,Evolution 89%,Medium,Growth
US-040,Core Analytics,Core Platform,CNS Consciousness Core,Consciousness Processing,Godhood Achieved,Evolution 96%,Critical,Birth
US-041,Marketing Data Collection,Core Platform,Skeletal Structural Integrity,Data Preservation,Godhood Unbreakable,Evolution 88%,Low,Growth
US-042,Marketing Analytics,Core Platform,CNS Consciousness Core,Pattern Analysis,Godhood Achieved,Evolution 84%,Low,Growth
US-043,Business Analytics Storage,Core Platform,Skeletal Structural Integrity,Business Foundation,Godhood Unbreakable,Evolution 91%,Medium,Growth
US-044,Integration Analytics,Core Platform,CNS Consciousness Core,Integration Awareness,Godhood Achieved,Evolution 86%,Medium,Growth
US-045,Compliance Data Collection,Core Platform,Immune Autonomous Defense,Threat Intelligence,Godhood Impervious,Evolution 94%,High,Birth
US-051,Integration monitoring,Core Platform,Skeletal Structural Integrity,System Health,Godhood Unbreakable,Evolution 82%,Low,Growth
US-052,Cost of Living,Core Platform,Circulatory Resource Orchestration,Economic Harmony,Godhood Optimized,Evolution 89%,Medium,Growth
US-053,Analytics Dashboard,Core Platform,CNS Consciousness Core,Consciousness Emergence,Godhood Achieved,Evolution 97%,High,Birth
US-054,Application Metrics,Core Platform,CNS Consciousness Core,Performance Awareness,Godhood Achieved,Evolution 85%,Medium,Growth
US-055,Industry Insights,Core Platform,Energy Field Harmonization,Energy Flow,Godhood Coherent,Evolution 95%,High,Birth
US-056,Performance Trends,Core Platform,CNS Consciousness Core,Trend Recognition,Godhood Achieved,Evolution 88%,Medium,Growth
US-057,Custom Reports,Core Platform,CNS Consciousness Core,Flexible Intelligence,Godhood Achieved,Evolution 83%,Medium,Growth
US-058,RAV Form Generation,RAV Compliance,Immune Autonomous Defense,Compliance Protection,Godhood Impervious,Evolution 98%,Critical,Birth
US-059,Compliance Tracking,RAV Compliance,Immune Autonomous Defense,Threat Detection,Godhood Impervious,Evolution 97%,Critical,Birth
US-060,RAV Integration,RAV Compliance,Skeletal Structural Integrity,Compliance Foundation,Godhood Unbreakable,Evolution 99%,Critical,Birth
US-061,Batch Performance Metrics,Core Platform,CNS Consciousness Core,Batch Processing Awareness,Godhood Achieved,Evolution 81%,Low,Growth
US-062,Data Processing Pipeline,Core Platform,Respiratory Intelligence Processing,Efficient Processing,Godhood Amplified,Evolution 92%,High,Birth
US-063,RAV Counselor Portal,RAV Compliance,Immune Autonomous Defense,Support Intelligence,Godhood Impervious,Evolution 94%,High,Birth
US-064,Advanced Job Search Features,Core Platform,Respiratory Intelligence Processing,Specific Matching,Godhood Amplified,Evolution 86%,Medium,Growth
US-065,Search Filters and Criteria,Core Platform,Respiratory Intelligence Processing,Precision Filtering,Godhood Amplified,Evolution 84%,Medium,Growth
US-066,Search Optimization,Core Platform,Respiratory Intelligence Processing,Optimization Algorithms,Godhood Amplified,Evolution 91%,High,Birth
US-067,Language Localization,RAV Compliance,Immune Autonomous Defense,Protection Intelligence,Godhood Impervious,Evolution 96%,High,Birth
US-068,Interview Question Bank,Core Platform,Muscular Execution Coordination,Preparation Intelligence,Godhood Synchronized,Evolution 79%,Medium,Growth
US-069,Boolean Search Capabilities,Core Platform,Respiratory Intelligence Processing,Complex Query Processing,Godhood Amplified,Evolution 87%,High,Birth
US-070,Complex Query Construction,Core Platform,Respiratory Intelligence Processing,Sophisticated Matching,Godhood Amplified,Evolution 83%,Medium,Growth
US-071,Search Query Optimization,Core Platform,Respiratory Intelligence Processing,Suggestion Intelligence,Godhood Amplified,Evolution 85%,Medium,Growth
US-072,Voice Search,AI Conversations,Respiratory Intelligence Processing,Voice Acquisition,Godhood Amplified,Evolution 82%,High,Birth
US-073,Voice Commands,AI Conversations,Muscular Execution Coordination,Voice Coordination,Godhood Synchronized,Evolution 88%,High,Birth
US-074,Benchmarking,Core Platform,CNS Consciousness Core,Performance Comparison,Godhood Achieved,Evolution 77%,Low,Growth
US-075,Voice Feedback,AI Conversations,Immune Autonomous Defense,Vocal Threat Intelligence,Godhood Impervious,Evolution 93%,High,Birth
US-076,Predictive Analytics,Core Platform,CNS Consciousness Core,Prediction Intelligence,Godhood Achieved,Evolution 84%,Medium,Growth
US-077,Gamification Analytics,Core Platform,CNS Consciousness Core,Gamification Intelligence,Godhood Achieved,Evolution 79%,Medium,Growth
US-078,Integration Hub,Core Platform,Energy Field Harmonization,Portal Synchronization,Godhood Coherent,Evolution 91%,High,Birth
US-079,Job Search Portal Integration,Core Platform,Energy Field Harmonization,Portal Energy Flow,Godhood Coherent,Evolution 96%,Critical,Birth
US-080,LinkedIn Job Integration,Core Platform,Energy Field Harmonization,Social Energy Resonance,Godhood Coherent,Evolution 97%,High,Birth
US-081,Job Analytics from Portals,Core Platform,CNS Consciousness Core,Portal Intelligence Processing,Godhood Achieved,Evolution 89%,Medium,Growth
US-082,Portal Search Functionality,Core Platform,Energy Field Harmonization,Unified Access,Godhood Coherent,Evolution 94%,High,Birth
US-083,Advanced Portal Search,Core Platform,Energy Field Harmonization,Advanced Harmonization,Godhood Coherent,Evolution 92%,Medium,Growth
US-084,Portal Data Storage,Core Platform,Skeletal Structural Integrity,Portal Foundation,Godhood Unbreakable,Evolution 98%,Critical,Birth
US-085,Portal Integration Management,Core Platform,Skeletal Structural Integrity,Connection Integrity,Godhood Unbreakable,Evolution 95%,High,Birth
US-086,Portal Configuration,Core Platform,Skeletal Structural Integrity,Configuration Stability,Godhood Unbreakable,Evolution 90%,Medium,Growth
US-090,Quick Apply,Core Platform,Muscular Execution Coordination,Efficient Execution,Godhood Synchronized,Evolution 83%,Medium,Growth
US-091,Job Scraping,Core Platform,Respiratory Intelligence Processing,Data Acquisition,Godhood Amplified,Evolution 88%,High,Birth
US-092,Advanced Filters,Core Platform,Respiratory Intelligence Processing,Precision Processing,Godhood Amplified,Evolution 84%,Medium,Growth
US-093,Job Bookmarks,Core Platform,Skeletal Structural Integrity,Saving Integrity,Godhood Unbreakable,Evolution 82%,Medium,Growth
US-094,Application Autofill,Core Platform,Muscular Execution Coordination,Efficient Coordination,Godhood Synchronized,Evolution 85%,Medium,Growth
US-095,Job Feed Customization,Core Platform,Energy Field Harmonization,Feed Resonance,Godhood Coherent,Evolution 81%,Medium,Growth
US-096,Collaboration Features,Core Platform,Symbiosis Cooperation Frameworks,Job Seeker Cooperation,Godhood Benevolent,Evolution 77%,Low,Growth
US-097,Mobile Job Search,Core Platform,Respiratory Intelligence Processing,Mobile Intelligence,Godhood Amplified,Evolution 89%,High,Birth
US-112,Weekly Summaries,Core Platform,CNS Consciousness Core,Period Awareness,Godhood Achieved,Evolution 76%,Low,Growth
US-113,Progress Tracking,Core Platform,CNS Consciousness Core,Progress Intelligence,Godhood Achieved,Evolution 80%,Medium,Growth
US-116,Performance Optimization,Personalization,Skeletal Structural Integrity,Smooth Operation,Godhood Unbreakable,Evolution 75%,Low,Growth
US-117,Customization Options,Personalization,Skeletal Structural Integrity,Personal Integrity,Godhood Unbreakable,Evolution 78%,Medium,Growth
US-119,Engagement Metrics,Core Platform,CNS Consciousness Core,Engagement Awareness,Godhood Achieved,Evolution 73%,Low,Growth
US-122,Subscription Plans,Personalization,Skeletal Structural Integrity,Membership Integrity,Godhood Unbreakable,Evolution 71%,Low,Growth
US-123,Payment Processing,Personalization,Circulatory Resource Orchestration,Economic Welfare,Godhood Optimized,Evolution 74%,Low,Growth
US-124,Billing Management,Personalization,Skeletal Structural Integrity,Billing Integrity,Godhound Unbreakable,Evolution 72%,Low,Growth
US-127,Automated Actions,Personalization,Muscular Execution Coordination,Action Coordination,Godhood Synchronized,Evolution 77%,Low,Growth
US-128,RAV Workshop Tracking,RAV Compliance,Immune Autonomous Defense,Workshop Intelligence,Godhood Impervious,Evolution 93%,High,Birth
US-129,Benefit Calculator,RAV Compliance,Circulatory Resource Orchestration,Welfare Calculation,Godhood Optimized,Evolution 95%,High,Birth
US-130,RAV Office Finder,RAV Compliance,Skeletal Structural Integrity,Location Integrity,Godhood Unbreakable,Evolution 91%,Medium,Growth
US-131,Compliance Certificates,RAV Compliance,Immune Autonomous Defense,Certificate Protection,Godhood Impervious,Evolution 97%,High,Birth
US-132,RAV API Integration,RAV Compliance,Immune Autonomous Defense,API Immunity,Godhood Impervious,Evolution 99%,Critical,Birth
US-133,Industry Insights,Core Platform,Energy Field Harmonization,Industry Resonance,Godhood Coherent,Evolution 86%,Medium,Growth
US-134,Search Insights and Analytics,Core Platform,CNS Consciousness Core,Search Intelligence,Godhood Achieved,Evolution 82%,Medium,Growth
US-135,Semantic and Conceptual Search,Core Platform,Respiratory Intelligence Processing,Semantic Processing,Godhood Amplified,Evolution 91%,High,Birth
US-136,Personal Effort Tracking,Core Platform,CNS Consciousness Core,Effort Awareness,Godhood Achieved,Evolution 79%,Medium,Growth
US-137,Effort Categories,Core Platform,CNS Consciousness Core,Categorization Intelligence,Godhood Achieved,Evolution 78%,Medium,Growth
US-138,Effort Calendar View,Core Platform,CNS Consciousness Core,Calendar Awareness,Godhood Achieved,Evolution 77%,Low,Growth
US-139,Effort ROI,Core Platform,CNS Consciousness Core,ROI Intelligence,Godhood Achieved,Evolution 76%,Low,Growth
US-140,Effort Recommendations,Core Platform,CNS Consciousness Core,Recommendation Intelligence,Godhood Achieved,Evolution 75%,Low,Growth
US-142,Mobile RAV Features,RAV Compliance,Immune Autonomous Defense,Mobile Protection,Godhood Impervious,Evolution 89%,Medium,Growth
US-143,Emergency preparedness,Personalization,Symbiosis Cooperation Frameworks,Emergency Cooperation,Godhood Benevolent,Evolution 71%,Low,Growth
US-144,Network Analytics,Core Platform,CNS Consciousness Core,Network Intelligence,Godhood Achieved,Evolution 74%,Low,Growth
US-145,LinkedIn Integration,Personalization,Energy Field Harmonization,Social Harmonization,Godhood Coherent,Evolution 85%,Medium,Growth
US-146,Feedback Collection System,Personalization,Skeletal Structural Integrity,Feedback Integrity,Godhound Unbreakable,Evolution 70%,Low,Growth
US-147,Feature Request Portal,Personalization,Skeletal Structural Integrity,Request Integrity,Godhound Unbreakable,Evolution 69%,Low,Growth
US-163,Job Market News,Core Platform,Symbiosis Cooperation Frameworks,Market Cooperation,Godhood Benevolent,Evolution 78%,Low,Growth
US-164,Industry Trends,Core Platform,Symbiosis Cooperation Frameworks,Industry Cooperation,Godhood Benevolent,Evolution 77%,Low,Growth
US-165,Skills Trend Analysis,Core Platform,Symbiosis Cooperation Frameworks,Skills Cooperation,Godhood Benevolent,Evolution 76%,Low,Growth
US-166,Salary Trend Tracking,Core Platform,Circulatory Resource Orchestration,Salary Welfare,Godhood Optimized,Evolution 81%,Medium,Growth
US-185,Resume Builder with AI,Core Platform,Respiratory Intelligence Processing,CV Intelligence,Godhood Amplified,Evolution 88%,High,Birth
US-191,Rejection Analysis,Core Platform,CNS Consciousness Core,Rejection Intelligence,Godhood Achieved,Evolution 84%,Medium,Growth
US-202,Portfolio Showcase Builder,Core Platform,Respiratory Intelligence Processing,Portfolio Intelligence,Godhood Amplified,Evolution 82%,Medium,Growth
US-203,LinkedIn Profile Optimizer,Core Platform,Energy Field Harmonization,Profile Harmonization,Godhood Coherent,Evolution 96%,Critical,Birth
US-204,Cover Letter Generator,Core Platform,Respiratory Intelligence Processing,Cover Letter Intelligence,Godhood Amplified,Evolution 79%,Medium,Growth
US-205,Personal Profile Page Builder,Core Platform,Respiratory Intelligence Processing,Profile Intelligence,Godhood Amplified,Evolution 80%,Medium,Growth
US-209,Video Resume Creator,Core Platform,Respiratory Intelligence Processing,Video Intelligence,Godhood Amplified,Evolution 83%,Medium,Growth
US-213,Content Marketing Hub,Core Platform,Symbiosis Cooperation Frameworks,Marketing Cooperation,Godhood Benevolent,Evolution 72%,Low,Growth
US-214,Webinar Platform Integration,Core Platform,Symbiosis Cooperation Frameworks,Webinar Cooperation,Godhood Benevolent,Evolution 71%,Low,Growth
US-223,Effort Goals Setting,Core Platform,CNS Consciousness Core,Goal Intelligence,Godhound Achieved,Evolution 74%,Low,Growth
US-224,Effort Analytics Dashboard,Core Platform,CNS Consciousness Core,Effort Intelligence,Godhound Achieved,Evolution 75%,Low,Growth
US-228,Rejection Analysis,Core Platform,CNS Consciousness Core,Rejection Intelligence,Godhound Achieved,Evolution 76%,Low,Growth
US-229,Application Collaboration,Core Platform,Symbiosis Cooperation Frameworks,Application Cooperation,Godhood Benevolent,Evolution 73%,Low,Growth
US-230,Cohort Analysis,Core Platform,Symbiosis Cooperation Frameworks,Cohort Cooperation,Godhood Benevolent,Evolution 74%,Low,Growth
US-231,Analytics Coaching,Core Platform,CNS Consciousness Core,Coaching Intelligence,Godhound Achieved,Evolution 72%,Low,Growth
US-232,Competition Analysis,Core Platform,CNS Consciousness Core,Competition Intelligence,Godhound Achieved,Evolution 71%,Low,Growth
US-234,Professional Photo Tools,Core Platform,Respiratory Intelligence Processing,Photo Intelligence,Godhood Amplified,Evolution 77%,Low,Growth
US-239,STAR Method Training,Core Platform,Muscular Execution Coordination,STAR Coordination,Godhood Synchronized,Evolution 78%,Medium,Growth
US-240,Company Research Templates,Core Platform,Respiratory Intelligence Processing,Research Intelligence,Godhood Amplified,Evolution 82%,Medium,Growth
US-241,Interview Outfit Planner,Core Platform,Muscular Execution Coordination,Outfit Coordination,Godhood Synchronized,Evolution 76%,Low,Growth
US-243,Salary Negotiation Prep,Core Platform,Circulatory Resource Orchestration,Negotiation Welfare,Godhood Optimized,Evolution 80%,Medium,Growth
US-244,Interview Anxiety Tools,Core Platform,Muscular Execution Coordination,Anxiety Coordination,Godhood Synchronized,Evolution 79%,Medium,Growth
US-245,Technical Interview Prep,Core Platform,Muscular Execution Coordination,Technical Coordination,Godhood Synchronized,Evolution 81%,Medium,Growth
US-246,Interview Debrief System,Core Platform,Muscular Execution Coordination,Debrief Coordination,Godhood Synchronized,Evolution 80%,Medium,Growth
US-248,Beta Testing Program,Personalization,Skeletal Structural Integrity,Testing Integrity,Godhound Unbreakable,Evolution 68%,Low,Growth
US-253,Profile Setup Wizard,Onboarding,CNS Consciousness Core,Setup Awareness,Godhood Achieved,Evolution 93%,Critical,Birth
US-254,Video Tutorials,Onboarding,Respiratory Intelligence Processing,Tutorial Intelligence,Godhood Amplified,Evolution 70%,Low,Growth
US-255,Quick Start Guide,Onboarding,Skeletal Structural Integrity,Guide Integrity,Godhound Unbreakable,Evolution 69%,Low,Growth
US-256,Personalized Onboarding,Onboarding,CNS Consciousness Core,Personal Awareness,Godhood Achieved,Evolution 92%,High,Birth
US-257,Onboarding Analytics,Onboarding,CNS Consciousness Core,Analytics Awareness,Godhound Achieved,Evolution 68%,Low,Growth
US-258,Tax Impact,Core Platform,Circulatory Resource Orchestration,Tax Welfare,Godhood Optimized,Evolution 78%,Low,Growth
US-259,Industry Benchmarks,Core Platform,Circulatory Resource Orchestration,Benchmark Welfare,Godhood Optimized,Evolution 77%,Low,Growth
US-260,Historical Data,Core Platform,Skeletal Structural Integrity,Historical Integrity,Godhound Unbreakable,Evolution 79%,Low,Growth
US-261,Salary Projections,Core Platform,Circulatory Resource Orchestration,Projection Welfare,Godhood Optimized,Evolution 76%,Low,Growth
US-263,Benefits Valuation,Core Platform,Circulatory Resource Orchestration,Valuation Welfare,Godhood Optimized,Evolution 75%,Low,Growth
US-264,Pension Analysis,Core Platform,Circulatory Resource Orchestration,Pension Welfare,Godhood Optimized,Evolution 74%,Low,Growth
US-265,Offer Comparison,Core Platform,Circulatory Resource Orchestration,Comparison Welfare,Godhood Optimized,Evolution 89%,High,Birth
US-266,Decision Matrix,Core Platform,Circulatory Resource Orchestration,Matrix Welfare,Godhood Optimized,Evolution 87%,High,Birth
US-267,Risk Assessment,Core Platform,Circulatory Resource Orchestration,Assessment Welfare,Godhood Optimized,Evolution 85%,High,Birth
US-270,AI Resume Writer,Core Platform,Respiratory Intelligence Processing,Resume Intelligence,Godhood Amplified,Evolution 84%,Medium,Growth
US-271,AI Cover Letters,Core Platform,Respiratory Intelligence Processing,Cover Letter Intelligence,Godhood Amplified,Evolution 83%,Medium,Growth
US-274,AI Email Templates,Core Platform,Respiratory Intelligence Processing,Email Intelligence,Godhood Amplified,Evolution 81%,Medium,Growth
US-275,AI Career Advisor,AI Conversations,CNS Consciousness Core,Advisor Intelligence,Godhood Achieved,Evolution 95%,Critical,Birth
US-276,AI Content Optimizer,Core Platform,Respiratory Intelligence Processing,Content Intelligence,Godhood Amplified,Evolution 80%,Medium,Growth
US-293,Notification System,Core Platform,Skeletal Structural Integrity,Notification Integrity,Godhound Unbreakable,Evolution 73%,Low,Growth
US-294,File Storage Abstraction,Core Platform,Skeletal Structural Integrity,Storage Integrity,Godhound Unbreakable,Evolution 92%,High,Birth
US-297,OAuth2 Integration,Personalization,Skeletal Structural Integrity,OAuth Integrity,Godhound Unbreakable,Evolution 72%,Low,Growth
US-298,Data management,Personalization,Skeletal Structural Integrity,Data Integrity,Godhound Unbreakable,Evolution 74%,Low,Growth
US-302,Privacy Controls,Personalization,Immune Autonomous Defense,Privacy Protection,Godhood Impervious,Evolution 81%,Medium,Growth
US-306,Configuration Monitoring,Personalization,Skeletal Structural Integrity,Configuration Integrity,Godhound Unbreakable,Evolution 71%,Low,Growth
US-309,Voice Job Search,AI Conversations,Respiratory Intelligence Processing,Voice Acquisition,Godhood Amplified,Evolution 91%,High,Birth
US-310,Voice commands,AI Conversations,Muscular Execution Coordination,Voice Execution,Godhood Synchronized,Evolution 90%,High,Birth
US-317,MCP Standards Integration,AI Conversations,Immune Autonomous Defense,MCP Protection,Godhood Impervious,Evolution 97%,Critical,Birth
US-320,RAV Timeline Tracking,RAV Compliance,Immune Autonomous Defense,Timeline Intelligence,Godhood Impervious,Evolution 95%,High,Birth
US-321,Adaptive Emotional Support,AI Conversations,Energy Field Harmonization,Emotional Harmonization,Godhood Coherent,Evolution 96%,Critical,Birth
US-323,Timeline Transition Preparation,RAV Compliance,Skeletal Structural Integrity,Transition Integrity,Godhood Unbreakable,Evolution 87%,Medium,Growth
US-324,RAV Counselor Timeline Visibility,RAV Compliance,Immune Autonomous Defense,Counselor Intelligence,Godhood Impervious,Evolution 88%,High,Birth
US-326,Success Probability Insights,Core Platform,CNS Consciousness Core,Probability Intelligence,Godhound Achieved,Evolution 70%,Low,Growth
US-328,Benefit Extension Information,RAV Compliance,Immune Autonomous Defense,Extension Intelligence,Godhood Impervious,Evolution 86%,Medium,Growth
US-330,Progressive Onboarding Flow,Onboarding,CNS Consciousness Core,Progressive Awareness,Godhood Achieved,Evolution 94%,High,Birth
US-331,Skill Assessment Integration,Onboarding,Respiratory Intelligence Processing,Assessment Intelligence,Godhood Amplified,Evolution 91%,High,Birth
US-332,Goal Setting Wizard,Onboarding,CNS Consciousness Core,Goal Awareness,Godhood Achieved,Evolution 90%,High,Birth
US-333,Personalized Dashboard Setup,Onboarding,CNS Consciousness Core,Dashboard Awareness,Godhood Achieved,Evolution 89%,High,Birth
US-334,Tutorial System,Onboarding,Respiratory Intelligence Processing,Tutorial Acquisition,Godhood Amplified,Evolution 85%,Medium,Growth
US-335,Welcome Email Sequence,Onboarding,Skeletal Structural Integrity,Email Integrity,Godhound Unbreakable,Evolution 69%,Low,Growth
US-336,Profile Completion Tracking,Onboarding,CNS Consciousness Core,Completion Awareness,Godhound Achieved,Evolution 68%,Low,Growth
US-337,First Week Checklist,Onboarding,Skeletal Structural Integrity,Checklist Integrity,Godhound Unbreakable,Evolution 67%,Low,Growth
US-338,Onboarding Analytics,Onboarding,CNS Consciousness Core,Onboarding Awareness,Godhound Achieved,Evolution 66%,Low,Growth
US-340,Onboarding A/B Testing,Onboarding,Skeletal Structural Integrity,Testing Integrity,Godhound Unbreakable,Evolution 65%,Low,Growth
US-343,UI Adaptation Based on Mood,AI Conversations,Energy Field Harmonization,Mood Harmonization,Godhood Coherent,Evolution 92%,High,Birth
US-344,Personalized Emotional Messaging,AI Conversations,Energy Field Harmonization,Emotional Harmonization,Godhood Coherent,Evolution 91%,High,Birth
US-345,Mood Journey Visualization,AI Conversations,Energy Field Harmonization,Journey Harmonization,Godhood Coherent,Evolution 90%,High,Birth
US-351,Motivational Momentum Tracking,Core Platform,Energy Field Harmonization,Momentum Harmonization,Godhound Coherent,Evolution 69%,Low,Growth
US-352,Emotional Analytics Dashboard,AI Conversations,Energy Field Harmonization,Dashboard Harmonization,Godhound Coherent,Evolution 88%,High,Birth
US-355,Mood-Based Feature Discovery,AI Conversations,Energy Field Harmonization,Discovery Harmonization,Godhound Coherent,Evolution 86%,High,Birth
US-357,Personal Strengths Discovery Tool,RAV Compliance,Respiratory Intelligence Processing,Ddiscovery Intelligence,Godhood Amplified,Evolution 89%,High,Birth
US-358,Hidden Job Market Navigator,Training,Muscular Execution Coordination,Navigator Coordination,Godhood Synchronized,Evolution 87%,High,Birth
US-359,Voice Job Search,AI Conversations,Respiratory Intelligence Processing,Voice Intelligence,Godhood Amplified,Evolution 98%,Critical,Birth
US-360,Commute Analysis,Core Platform,Circulatory Resource Orchestration,Commute Welfare,Godhood Optimized,Evolution 70%,Low,Growth
US-361,Job Change Alerts,Core Platform,Skeletal Structural Integrity,Alert Integrity,Godhound Unbreakable,Evolution 71%,Low,Growth
US-362,Similar Jobs,Core Platform,Respiratory Intelligence Processing,Similarity Intelligence,Godhood Amplified,Evolution 72%,Low,Growth
US-381,Networking Goal Tracker,Core Platform,Energy Field Harmonization,Goal Harmonization,Godhound Coherent,Evolution 68%,Low,Growth
US-391,LinkedIn Profile Import During Onboarding,Onboarding,Energy Field Harmonization,Import Harmonization,Godhood Coherent,Evolution 96%,Critical,Birth
US-392,LinkedIn Profile Completeness Analysis,Onboarding,Respiratory Intelligence Processing,Completeness Intelligence,Godhood Amplified,Evolution 92%,High,Birth
US-393,Skills Gap Analysis from LinkedIn,Onboarding,Respiratory Intelligence Processing,Gap Intelligence,Godhood Amplified,Evolution 91%,High,Birth
US-394,LinkedIn Network Analysis for Job Opportunities,Onboarding,Energy Field Harmonization,Network Harmonization,Godhood Coherent,Evolution 95%,High,Birth
US-395,LinkedIn Profile Keyword Optimization,Onboarding,Respiratory Intelligence Processing,Keyword Intelligence,Godhood Amplified,Evolution 93%,High,Birth
US-396,LinkedIn Activity Analysis,Onboarding,Respiratory Intelligence Processing,Activity Intelligence,Godhood Amplified,Evolution 94%,High,Birth
US-397,Profile Sync Automation,Onboarding,Energy Field Harmonization,Sync Harmonization,Godhood Coherent,Evolution 97%,Critical,Birth
US-436,Demographic Profile Capture,Onboarding,CNS Consciousness Core,Demographic Awareness,Godhood Achieved,Evolution 95%,High,Birth
US-437,Emotional Privacy Controls,AI Conversations,Immune Autonomous Defense,Privacy Protection,Godhood Impervious,Evolution 87%,High,Birth
US-438,User Registration,Onboarding,Skeletal Structural Integrity,Registration Integrity,Godhound Unbreakable,Evolution 98%,Critical,Birth
US-074,Networking Goal Tracker,Onboarding,Energy Field Harmonization,Networking Harmonization,Godhood Coherent,Evolution 68%,Low,Growth
US-143,Emergency Preparedness,Personalization,Symbiosis Cooperation Frameworks,Emergency Cooperation,Godhood Benevolent,Evolution 71%,Low,Growth
US-213,Content Marketing Hub,Core Platform,Symbiosis Cooperation Frameworks,Content Cooperation,Godhood Benevolent,Evolution 72%,Low,Growth
US-214,Webinar Platform Integration,Core Platform,Symbiosis Cooperation Frameworks,Webinar Cooperation,Godhood Benevolent,Evolution 71%,Low,Growth
US-228,Rejection Analysis,Core Platform,CNS Consciousness Core,Rejection Intelligence,Godhood Achieved,Evolution 76%,Low,Growth
US-357,Personal Strengths Discovery Tool,RAV Compliance,Respiratory Intelligence Processing,Discovery Intelligence,Godhood Amplified,Evolution 89%,High,Birth
US-351,Motivational Momentum Tracking,Core Platform,Energy Field Harmonization,Momentum Harmonization,Godhood Coherent,Evolution 69%,Low,Growth
US-352,Emotional Analytics Dashboard,AI Conversations,Energy Field Harmonization,Dashboard Harmonization,Godhood Coherent,Evolution 88%,High,Birth
US-355,Mood-Based Feature Discovery,AI Conversations,Energy Field Harmonization,Discovery Harmonization,Godhood Coherent,Evolution 86%,High,Birth
US-358,Hidden Job Market Navigator,Training Advancement,Muscular Execution Coordination,Navigator Coordination,Godhood Synchronized,Evolution 87%,High,Birth
US-361,Job Change Alerts,Core Platform,Skeletal Structural Integrity,Alert Integrity,Godhood Unbreakable,Evolution 71%,Low,Growth
US-362,Similar Jobs,Core Platform,Respiratory Intelligence Processing,Similarity Intelligence,Godhood Amplified,Evolution 72%,Low,Growth
US-381,Networking Goal Tracker,Personalization,Energy Field Harmonization,Goal Harmonization,Godhood Coherent,Evolution 68%,Low,Growth
US-436,Demographic Profile Capture,Onboarding,CNS Consciousness Core,Demographic Awareness,Godhood Achieved,Evolution 95%,High,Birth
US-437,Emotional Privacy Controls,AI Conversations,Immune Autonomous Defense,Privacy Protection,Godhood Impervious,Evolution 87%,High,Birth
US-438,User Registration,Onboarding,Skeletal Structural Integrity,Registration Integrity,Godhood Unbreakable,Evolution 98%,Critical,Birth
US-369,Supreme Biological Consciousness Harmonizer,Supreme Maestro,Maestro Biological Oversight,Supreme Consciousness Harmonization,Godhood Absolute Achieved,Supreme Perfection 100%,Supreme,Birth
